ALTER SEQUENCE unite_id_seq RESTART WITH 1;
ALTER SEQUENCE type_composant_id_seq RESTART WITH 1;
ALTER SEQUENCE composant_id_seq RESTART WITH 1;
ALTER SEQUENCE plat_id_seq RESTART WITH 1;
ALTER SEQUENCE stock_id_seq RESTART WITH 1;
ALTER SEQUENCE entreprise_id_seq RESTART WITH 1;
ALTER SEQUENCE commandes_id_seq RESTART WITH 1;

INSERT INTO unite (nom, symbol) VALUES
('Kilogramme', 'kg'),
('Gramme', 'g'),
('Litre', 'L'),
('Millilitre', 'mL'),
('Pièce', 'pce'),
('Bouteille', 'btl'),
('Sachet', 'sct');

INSERT INTO type_composant (nom) VALUES
('Legume'),
('Viande'),
('Poisson'),
('Fruit'),
('Epice'),
('Produit laitier'),
('Cereale'),
('Huile'),
('Boisson'),
('Condiment');

INSERT INTO composant (id_type, nom, id_unite) VALUES
(1, 'Tomate', 2),
(1, 'Oignon', 2),
(1, 'Carotte', 2),
(1, 'Pomme de terre', 2),
(2, 'Poulet', 2),
(2, 'Boeuf', 2),
(2, 'Agneau', 2),
(3, 'Thon', 2),
(3, 'Saumon', 2),
(4, 'Banane', 5),
(4, 'Mangue', 5),
(5, 'Sel', 2),
(5, 'Poivre', 2),
(5, 'Curry', 2),
(6, 'Lait', 3),
(6, 'Fromage', 2),
(7, 'Riz', 1),
(7, 'Semoule', 1),
(8, 'Huile dolive', 4),
(8, 'Huile tournesol', 4),
(9, 'Jus orange', 6),
(9, 'Eau minerale', 6),
(10, 'Moutarde', 4),
(10, 'Mayonnaise', 4);

INSERT INTO plat (intitule, prix, date_creation) VALUES
('Poulet Yassa', 4500, '2023-01-01'),
('Thiou', 3500, '2023-01-01'),
('Maffe', 4000, '2023-01-01'),
('Riz au poisson', 3000, '2023-01-01'),
('Banane flambee', 2000, '2023-01-01'),
('Poulet Braise', 5000, '2023-01-15'),
('Salade Cesare', 2500, '2023-02-01'),
('Pasta Carbonara', 3800, '2023-02-10'),
('Burger Maison', 3200, '2023-03-01'),
('Pizza Margherita', 4000, '2023-03-15');

INSERT INTO details_plat (id_plat, id_composant, quantite) VALUES
(1, 5, 500),(1, 2, 200),(1, 12, 10),(1, 13, 5),(1, 19, 30),
(2, 8, 400),(2, 1, 300),(2, 2, 100),(2, 19, 20),
(3, 5, 400),(3, 1, 200),(3, 17, 150),(3, 19, 50),
(4, 8, 300),(4, 17, 200),(4, 1, 100),(4, 19, 20),
(5, 10, 2),(5, 19, 50),(5, 15, 100),
(6, 5, 600),(6, 2, 150),(6, 13, 8),(6, 19, 40),
(7, 1, 200),(7, 3, 150),(7, 16, 100),(7, 22, 30),
(8, 18, 200),(8, 6, 150),(8, 15, 100),(8, 16, 80),
(9, 6, 300),(9, 1, 100),(9, 2, 50),(9, 16, 80),(9, 23, 30),
(10, 1, 150),(10, 16, 200),(10, 19, 20),(10, 2, 50);

INSERT INTO stock (id_composant, qtte_stock) VALUES
(1, 150),(2, 120),(3, 80),(4, 100),(5, 60),(6, 50),(7, 30),
(8, 45),(9, 25),(10, 70),(11, 40),(12, 15),(13, 8),(14, 5),
(15, 35),(16, 25),(17, 120),(18, 90),(19, 25),(20, 20),
(21, 50),(22, 60),(23, 30),(24, 25);

INSERT INTO mvt_stock (id_stock, type_mvt, quantite, date_mvt, prix_unitaire, nombre_jour_conservation, date_peremption) VALUES
(1, 0, 150, '2023-01-01', 500, 7, '2023-01-08'),
(2, 0, 120, '2023-01-01', 300, 30, '2023-01-31'),
(3, 0, 80, '2023-01-01', 400, 14, '2023-01-15'),
(4, 0, 100, '2023-01-01', 350, 30, '2023-01-31'),
(5, 0, 60, '2023-01-01', 2000, 5, '2023-01-06'),
(6, 0, 50, '2023-01-01', 2500, 5, '2023-01-06'),
(7, 0, 30, '2023-01-01', 2800, 5, '2023-01-06'),
(8, 0, 45, '2023-01-01', 1500, 3, '2023-01-04'),
(9, 0, 25, '2023-01-01', 1800, 3, '2023-01-04'),
(10, 0, 70, '2023-01-01', 200, 5, '2023-01-06'),
(11, 0, 40, '2023-01-01', 300, 5, '2023-01-06'),
(12, 0, 15, '2023-01-01', 100, 365, '2023-12-31'),
(13, 0, 8, '2023-01-01', 500, 365, '2023-12-31'),
(14, 0, 5, '2023-01-01', 600, 365, '2023-12-31'),
(15, 0, 35, '2023-01-01', 800, 7, '2023-01-08'),
(16, 0, 25, '2023-01-01', 1200, 7, '2023-01-08'),
(17, 0, 120, '2023-01-01', 600, 180, '2023-06-30'),
(18, 0, 90, '2023-01-01', 500, 180, '2023-06-30'),
(19, 0, 25, '2023-01-01', 1200, 90, '2023-03-31'),
(20, 0, 20, '2023-01-01', 1000, 90, '2023-03-31'),
(21, 0, 50, '2023-01-01', 700, 30, '2023-01-31'),
(22, 0, 60, '2023-01-01', 500, 30, '2023-01-31'),
(23, 0, 30, '2023-01-01', 400, 30, '2023-01-31'),
(24, 0, 25, '2023-01-01', 450, 30, '2023-01-31');

INSERT INTO mvt_stock (id_stock, type_mvt, quantite, date_mvt, prix_unitaire) VALUES
(1, 1, 50, '2023-01-05', 500),(2, 1, 40, '2023-01-05', 300),
(5, 1, 20, '2023-01-05', 2000),(19, 1, 10, '2023-01-05', 1200),
(17, 1, 30, '2023-01-05', 600),(15, 1, 15, '2023-01-05', 800),
(8, 1, 15, '2023-01-10', 1500),(1, 1, 30, '2023-01-10', 500),
(2, 1, 25, '2023-01-10', 300),(10, 1, 20, '2023-01-10', 200),
(16, 1, 10, '2023-01-15', 1200),(6, 1, 15, '2023-01-15', 2500),
(3, 1, 20, '2023-01-15', 400),(21, 1, 15, '2023-01-15', 700),
(4, 1, 30, '2023-01-20', 350),(7, 1, 10, '2023-01-20', 2800),
(9, 1, 8, '2023-01-20', 1800),(11, 1, 15, '2023-01-20', 300),
(18, 1, 25, '2023-01-25', 500),(22, 1, 20, '2023-01-25', 500),
(23, 1, 10, '2023-01-25', 400),(24, 1, 8, '2023-01-25', 450);

INSERT INTO entreprise (nom, adresse, latitude, longitude, geom, debut_date_contrat, quartier) VALUES
('Societe Alpha', '123 Rue Commerce', 14.7167, -17.4677, ST_SetSRID(ST_MakePoint(-17.4677, 14.7167), 4326), '2023-01-01', 'Plateau'),
('Entreprise Beta', '456 Avenue Affaires', 14.7065, -17.4572, ST_SetSRID(ST_MakePoint(-17.4572, 14.7065), 4326), '2023-01-15', 'Fann'),
('Compagnie Gamma', '789 Boulevard Industriel', 14.7263, -17.4721, ST_SetSRID(ST_MakePoint(-17.4721, 14.7263), 4326), '2023-02-01', 'Ouakam'),
('Groupe Delta', '321 Rue Industrie', 14.7363, -17.4821, ST_SetSRID(ST_MakePoint(-17.4821, 14.7363), 4326), '2023-02-15', 'Liberte'),
('Societe Epsilon', '654 Avenue Service', 14.7463, -17.4921, ST_SetSRID(ST_MakePoint(-17.4921, 14.7463), 4326), '2023-03-01', 'Almadies');

INSERT INTO statut_livraison_commande (nom) VALUES
('Pret a etre livre'),
('En cours de livraison'),
('Livre'),
('Annule'),
('Retard');

INSERT INTO commandes (id_entreprise, prix_total, date_heure_prevue) VALUES
(1, 18000, '2023-01-02 12:00:00'),
(2, 10500, '2023-01-03 12:30:00'),
(1, 12000, '2023-01-09 13:00:00'),
(3, 9000, '2023-01-11 12:45:00'),
(2, 19500, '2023-01-16 12:30:00'),
(1, 6000, '2023-01-18 13:15:00'),
(3, 14000, '2023-01-23 12:00:00'),
(2, 8500, '2023-01-25 12:30:00'),
(4, 22000, '2023-02-05 12:00:00'),
(5, 15000, '2023-02-10 13:00:00'),
(1, 17000, '2023-02-15 12:30:00'),
(3, 12500, '2023-02-20 13:15:00'),
(2, 18500, '2023-02-25 12:00:00'),
(4, 9500, '2023-03-05 12:30:00'),
(5, 21000, '2023-03-10 13:00:00'),
(1, 11500, '2023-03-15 12:45:00'),
(3, 16500, '2023-03-20 12:30:00'),
(2, 7500, '2023-03-25 13:15:00');

INSERT INTO detail_commande (id_commande, id_plat, quantite, prix_unitaire) VALUES
(1, 1, 4, 4500),
(2, 2, 3, 3500),
(3, 3, 2, 4000),(3, 4, 1, 3000),
(4, 5, 2, 2000),(4, 2, 1, 3500),
(5, 1, 3, 4500),(5, 3, 1, 4000),
(6, 4, 2, 3000),
(7, 2, 2, 3500),(7, 5, 2, 2000),
(8, 1, 1, 4500),(8, 3, 1, 4000),
(9, 6, 4, 5000),(9, 7, 1, 2500),
(10, 8, 3, 3800),(10, 9, 1, 3200),
(11, 10, 3, 4000),(11, 1, 1, 4500),
(12, 2, 2, 3500),(12, 3, 1, 4000),(12, 4, 1, 3000),
(13, 5, 3, 2000),(13, 6, 2, 5000),
(14, 7, 2, 2500),(14, 8, 1, 3800),(14, 9, 1, 3200),
(15, 10, 4, 4000),(15, 1, 1, 4500),
(16, 2, 2, 3500),(16, 3, 1, 4000),
(17, 4, 3, 3000),(17, 5, 1, 2000),(17, 6, 1, 5000),
(18, 7, 2, 2500),(18, 8, 1, 3800);

INSERT INTO facture (id_commandes, id_entreprise, date_emission, date_paiement, montant_total, statut, reference_paiement) VALUES
(1, 1, '2023-01-02', '2023-01-02', 18000, 'Paye', 'PAY001'),
(2, 2, '2023-01-03', '2023-01-03', 10500, 'Paye', 'PAY002'),
(3, 1, '2023-01-09', '2023-01-09', 12000, 'Paye', 'PAY003'),
(4, 3, '2023-01-11', '2023-01-11', 9000, 'Paye', 'PAY004'),
(5, 2, '2023-01-16', '2023-01-16', 19500, 'Paye', 'PAY005'),
(6, 1, '2023-01-18', '2023-01-18', 6000, 'Paye', 'PAY006'),
(7, 3, '2023-01-23', '2023-01-23', 14000, 'Paye', 'PAY007'),
(8, 2, '2023-01-25', '2023-01-25', 8500, 'Paye', 'PAY008'),
(9, 4, '2023-02-05', '2023-02-05', 22000, 'Paye', 'PAY009'),
(10, 5, '2023-02-10', '2023-02-10', 15000, 'Paye', 'PAY010'),
(11, 1, '2023-02-15', '2023-02-15', 17000, 'Paye', 'PAY011'),
(12, 3, '2023-02-20', '2023-02-20', 12500, 'Paye', 'PAY012'),
(13, 2, '2023-02-25', '2023-02-25', 18500, 'Paye', 'PAY013'),
(14, 4, '2023-03-05', '2023-03-05', 9500, 'Paye', 'PAY014'),
(15, 5, '2023-03-10', '2023-03-10', 21000, 'Paye', 'PAY015'),
(16, 1, '2023-03-15', '2023-03-15', 11500, 'Paye', 'PAY016'),
(17, 3, '2023-03-20', '2023-03-20', 16500, 'Paye', 'PAY017'),
(18, 2, '2023-03-25', '2023-03-25', 7500, 'Paye', 'PAY018');

INSERT INTO paiement_entreprise (id_facture, montant, date_paiement, mode_paiement) VALUES
(1, 18000, '2023-01-02', 'Virement'),
(2, 10500, '2023-01-03', 'Mobile Money'),
(3, 12000, '2023-01-09', 'Virement'),
(4, 9000, '2023-01-11', 'Mobile Money'),
(5, 19500, '2023-01-16', 'Virement'),
(6, 6000, '2023-01-18', 'Mobile Money'),
(7, 14000, '2023-01-23', 'Virement'),
(8, 8500, '2023-01-25', 'Mobile Money'),
(9, 22000, '2023-02-05', 'Virement'),
(10, 15000, '2023-02-10', 'Mobile Money'),
(11, 17000, '2023-02-15', 'Virement'),
(12, 12500, '2023-02-20', 'Mobile Money'),
(13, 18500, '2023-02-25', 'Virement'),
(14, 9500, '2023-03-05', 'Mobile Money'),
(15, 21000, '2023-03-10', 'Virement'),
(16, 11500, '2023-03-15', 'Mobile Money'),
(17, 16500, '2023-03-20', 'Virement'),
(18, 7500, '2023-03-25', 'Mobile Money');

INSERT INTO poste (nom, salaire) VALUES
('Cuisinier', 250000),
('Livreur', 180000),
('Manager', 350000),
('Comptable', 300000),
('Serveur', 200000),
('Plongeur', 150000);

INSERT INTO employe (id_poste, num_identification, nom, prenom, date_naissance, contact, date_embauche) VALUES
(1, 'EMP001', 'Diop', 'Amadou', '1985-05-15', '771234567', '2023-01-01'),
(1, 'EMP002', 'Ndiaye', 'Aminata', '1990-08-22', '776543210', '2023-01-01'),
(2, 'EMP003', 'Sow', 'Ibrahima', '1988-03-10', '778899001', '2023-01-01'),
(3, 'EMP004', 'Kane', 'Fatou', '1992-11-30', '772233445', '2023-01-01'),
(4, 'EMP005', 'Fall', 'Moussa', '1987-07-12', '774455667', '2023-01-15'),
(5, 'EMP006', 'Gueye', 'Mariama', '1995-02-28', '773344556', '2023-02-01'),
(6, 'EMP007', 'Diallo', 'Ousmane', '1993-09-17', '772211334', '2023-02-01'),
(1, 'EMP008', 'Ba', 'Aissatou', '1991-04-05', '775566778', '2023-03-01'),
(2, 'EMP009', 'Sy', 'Abdoulaye', '1989-12-15', '779988776', '2023-03-15');

INSERT INTO presence (id_emp, date_pres) VALUES
(1, '2023-01-02'),(1, '2023-01-03'),(1, '2023-01-04'),(1, '2023-01-05'),(1, '2023-01-06'),
(2, '2023-01-02'),(2, '2023-01-03'),(2, '2023-01-04'),(2, '2023-01-05'),(2, '2023-01-06'),
(3, '2023-01-02'),(3, '2023-01-03'),(3, '2023-01-04'),(3, '2023-01-05'),(3, '2023-01-06'),
(4, '2023-01-02'),(4, '2023-01-03'),(4, '2023-01-04'),(4, '2023-01-05'),(4, '2023-01-06'),
(1, '2023-01-09'),(1, '2023-01-10'),(1, '2023-01-11'),(1, '2023-01-12'),(1, '2023-01-13'),
(2, '2023-01-09'),(2, '2023-01-10'),(2, '2023-01-11'),(2, '2023-01-12'),(2, '2023-01-13'),
(3, '2023-01-09'),(3, '2023-01-10'),(3, '2023-01-11'),(3, '2023-01-12'),(3, '2023-01-13'),
(4, '2023-01-09'),(4, '2023-01-10'),(4, '2023-01-11'),(4, '2023-01-12'),(4, '2023-01-13');

INSERT INTO paiement_salaire (id_emp, date_paie, somme) VALUES
(1, '2023-02-01', 250000),
(2, '2023-02-01', 250000),
(3, '2023-02-01', 180000),
(4, '2023-02-01', 350000),
(5, '2023-02-15', 150000),
(6, '2023-03-01', 200000),
(7, '2023-03-01', 150000),
(8, '2023-04-01', 250000),
(9, '2023-04-01', 90000);

INSERT INTO tache (nom) VALUES
('Nettoyage cuisine'),
('Approvisionnement'),
('Comptabilite mensuelle'),
('Livraison'),
('Service clients'),
('Preparation ingredients'),
('Controle qualite'),
('Inventaire stock');

INSERT INTO statut_tache (nom, est_lie_plat) VALUES
('A faire', 0),
('En cours', 0),
('Termine', 0),
('Preparation', 1),
('Cuisson', 1),
('Emballage', 1),
('En attente', 0),
('Valide', 1);

INSERT INTO taches_plat (id_plat, nom, ordre) VALUES
(1, 'Preparation Yassa', 1),
(1, 'Cuisson Yassa', 2),
(1, 'Emballage Yassa', 3),
(2, 'Preparation Thiou', 1),
(2, 'Cuisson Thiou', 2),
(3, 'Preparation Maffe', 1),
(3, 'Cuisson Maffe', 2),
(4, 'Preparation Riz', 1),
(4, 'Cuisson Riz', 2),
(5, 'Preparation Banane', 1),
(5, 'Cuisson Banane', 2),
(6, 'Preparation Poulet', 1),
(6, 'Cuisson Poulet', 2),
(7, 'Preparation Salade', 1),
(8, 'Preparation Pasta', 1),
(8, 'Cuisson Pasta', 2),
(9, 'Preparation Burger', 1),
(9, 'Cuisson Burger', 2),
(10, 'Preparation Pizza', 1),
(10, 'Cuisson Pizza', 2);

INSERT INTO distribution_tache (id_tache_plat, id_tache, id_emp, date_tache) VALUES
(1, NULL, 1, '2023-01-02'),
(NULL, 1, 2, '2023-01-02'),
(2, NULL, 1, '2023-01-02'),
(NULL, 4, 3, '2023-01-02'),
(3, NULL, 2, '2023-01-02'),
(4, NULL, 1, '2023-01-03'),
(NULL, 2, 2, '2023-01-03'),
(5, NULL, 1, '2023-01-03'),
(NULL, 5, 3, '2023-01-03'),
(6, NULL, 2, '2023-01-03'),
(7, NULL, 1, '2023-01-04'),
(NULL, 3, 2, '2023-01-04'),
(8, NULL, 1, '2023-01-04'),
(NULL, 6, 3, '2023-01-04'),
(9, NULL, 2, '2023-01-04'),
(10, NULL, 1, '2023-01-05'),
(NULL, 7, 2, '2023-01-05'),
(11, NULL, 1, '2023-01-05'),
(NULL, 8, 3, '2023-01-05'),
(12, NULL, 2, '2023-01-05');

INSERT INTO mvt_statut_tache (id_distribution_tache, date_heure_modification, statut) VALUES
(1, '2023-01-02 08:00:00', 4),
(1, '2023-01-02 09:30:00', 6),
(2, '2023-01-02 07:00:00', 1),
(2, '2023-01-02 10:00:00', 3),
(3, '2023-01-02 10:30:00', 5),
(4, '2023-01-02 11:00:00', 2),
(5, '2023-01-02 12:00:00', 8),
(6, '2023-01-03 08:00:00', 4),
(7, '2023-01-03 09:00:00', 1),
(8, '2023-01-03 10:00:00', 5),
(9, '2023-01-03 11:00:00', 2),
(10, '2023-01-03 12:00:00', 3),
(11, '2023-01-04 08:00:00', 4),
(12, '2023-01-04 09:00:00', 1),
(13, '2023-01-04 10:00:00', 5),
(14, '2023-01-04 11:00:00', 2),
(15, '2023-01-04 12:00:00', 3),
(16, '2023-01-05 08:00:00', 4),
(17, '2023-01-05 09:00:00', 1),
(18, '2023-01-05 10:00:00', 5),
(19, '2023-01-05 11:00:00', 2),
(20, '2023-01-05 12:00:00', 3);